Rank,First,Last,Year,Team,Std,Seed,Event,Invited
1,Jillian,Cox,SO,Texas,A,04:30.7,500 Freestyle,Qualified
2,Arabella,Sims,SO,Florida,A,04:31.1,500 Freestyle,Qualified
3,Aurora,Roghair,SR,Stanford,A,04:31.6,500 Freestyle,Qualified
4,Kathryn,Grimes,FR,Virginia,A,04:32.7,500 Freestyle,Qualified
5,Anna,Peplowski,SR,Indiana,A,04:33.9,500 Freestyle,Qualified
6,Ella,Jansen,FR,Tennessee,A,04:34.3,500 Freestyle,Qualified
6,Rachel,Stege,SR,Georgia,A,04:34.3,500 Freestyle,Qualified
8,Julie,Brousseau,FR,Florida,A,04:34.6,500 Freestyle,Qualified
9,Hannah,Bellard,SO,Michigan,A,04:34.8,500 Freestyle,Qualified
10,Rebecca,Diaconescu,FR,Michigan,A,04:35.0,500 Freestyle,Qualified
11,Dune,Coetzee,SR,Georgia,A,04:35.2,500 Freestyle,Qualified
12,Claire,Tuggle,JR,Southern Cali,A,04:35.4,500 Freestyle,Qualified
12,Aimee,Canny,JR,Virginia,A,04:35.4,500 Freestyle,Qualified
14,Emma,Weyant,SR,Florida,A,04:35.6,500 Freestyle,Qualified
15,Cavan,Gormsen,SO,Virginia,A,04:35.6,500 Freestyle,Qualified
16,Abigail,McCulloh,SR,Georgia,A,04:36.2,500 Freestyle,Qualified
17,Lillian,Nesty,FR,Texas,A,04:36.7,500 Freestyle,Qualified
18,Mila,Nikanorov,FR,Ohio St,B,04:37.4,500 Freestyle,Qualified
19,Ching,Gan,SR,Indiana,B,04:37.5,500 Freestyle,Qualified
20,Kate,Hurst,FR,Texas,B,04:37.6,500 Freestyle,Qualified
21,Abby,Carlson,SR,Wisconsin,B,04:37.6,500 Freestyle,Qualified
22,Michaela,Mattes,SO,Florida,B,04:37.9,500 Freestyle,Qualified
23,Erin,Gemmell,SO,Texas,B,04:38.2,500 Freestyle,Qualified
24,Julia,Mrozinski,SR,Tennessee,B,04:38.7,500 Freestyle,Qualified
25,Alexandra,Bastone,SO,Harvard,B,04:38.7,500 Freestyle,Qualified
26,Daria,Golovaty,FR,Louisville,B,04:38.8,500 Freestyle,Qualified
27,Kayla,Wilson,JR,Stanford,B,04:38.8,500 Freestyle,Qualified
28,Natalie,Mannion,JR,Stanford,B,04:38.9,500 Freestyle,Qualified
29,Mabel,Zavaros,Grad,Florida,B,04:39.0,500 Freestyle,Qualified
30,Kate,McCarville,SR,Tennessee,B,04:39.0,500 Freestyle,Qualified
31,Breckin,Gormley,JR,South Carolina,B,04:39.0,500 Freestyle,Qualified
32,Justina,Kozan,JR,Southern Cali,B,04:39.1,500 Freestyle,Qualified
33,Alexa,Reyna,SO,Arizona St,B,04:39.2,500 Freestyle,Qualified
34,Genevieve,Jorgenson,JR,Nebraska,B,04:39.3,500 Freestyle,Qualified
35,Shea,Furse,JR,Georgia,B,04:39.3,500 Freestyle,Qualified
36,Bailey,Hartman,FR,Virginia,B,04:39.4,500 Freestyle,Qualified
37,Hayden,Miller,JR,Texas A&M,B,04:39.4,500 Freestyle,Qualified
38,Chase,Travis,Grad,NC State,B,04:39.5,500 Freestyle,Qualified
39,DENIZ,ERTAN,JR,Arizona St,B,04:39.7,500 Freestyle,Invited
40,Maya,Geringer,Grad,California,B,04:39.8,500 Freestyle,Invited
41,Eliot,Kennedy,SR,Minnesota,B,04:39.8,500 Freestyle,Invited
42,Kathryn,McCarthy,SO,Minnesota,B,04:40.4,500 Freestyle,Invited
43,Megan,Barnes,JR,LSU,B,04:40.6,500 Freestyle,Invited
44,Nora,FLUCK,FR,South Carolina,B,04:40.7,500 Freestyle,Invited
45,Mariah,Denigan,SR,Indiana,B,04:41.0,500 Freestyle,Invited
46,Anna,Moehn,JR,Penn,B,04:41.3,500 Freestyle,Invited
47,Julia,Strojnowska,FR,Auburn,B,04:41.3,500 Freestyle,Invited
48,Summer,Cardwell,SO,Louisville,B,04:41.5,500 Freestyle,Invited
49,Macey,Hansen,FR,Wyoming (W),B,04:41.6,500 Freestyle,Invited
50,Amelia,Bodenstab,FR,Louisville,B,04:41.6,500 Freestyle,Invited
51,Mia,Rankin,SR,Ohio St,B,04:42.0,500 Freestyle,Invited
52,Liberty,Williams,Grad,Alabama,B,04:42.3,500 Freestyle,Invited
53,Grace,Palmer,FR,LSU,B,04:42.5,500 Freestyle,Invited
54,Carli,Cronk,FR,Notre Dame,B,04:42.6,500 Freestyle,Invited
55,Ava,Chavez,SO,California,B,04:42.7,500 Freestyle,Invited
56,Leticia,Fassina Romao,FR,FR Louisville,B,04:43.1,500 Freestyle,Invited
57,Marian,PLOEGER,FR,Michigan,B,04:43.1,500 Freestyle,Invited
58,Tess,Howley,SO,Virginia,B,04:43.2,500 Freestyle,Invited
59,Paige,McKenna,SR,Wisconsin,B,04:43.3,500 Freestyle,Invited
60,Emma,Finlin,FR,Ohio St,B,04:43.4,500 Freestyle,Invited
61,Josephine,Ramey,SO,Florida,B,04:43.8,500 Freestyle,Invited
62,Kathryn,Hazle,SO,California,B,04:44.9,500 Freestyle,Invited
63,Gwenyth,Woodbury,SR,Ohio St,B,04:44.9,500 Freestyle,Invited
64,Alexandra,Waggoner,SR,Seton Hall,B,04:45.0,500 Freestyle,Invited
65,Maren,Conze,SO,UNC,B,04:46.1,500 Freestyle,Invited
66,Sydney,Bergstrom,JR,Penn,B,04:46.1,500 Freestyle,Invited
67,Madison,Kolessar,Grad,South Carolina,B,04:46.7,500 Freestyle,Invited
68,Sophie,Brison,SO,Tennessee,B,04:46.7,500 Freestyle,Invited
69,Heidi,Smithwick,JR,Princeton,B,04:46.9,500 Freestyle,Invited
70,Kimberly,Shannon,FR,Pittsburgh,B,04:47.0,500 Freestyle,Invited
1,Victoria,Huske,JR,Stanford,A,01:51.5,200 Individual Medley,Qualified
2,Alexandra,Walsh,Grad,Virginia,A,01:51.8,200 Individual Medley,Qualified
3,Emma,Sticklen,Grad,Texas,A,01:52.4,200 Individual Medley,Qualified
4,Josephine,Fuller,SR,Tennessee,A,01:52.9,200 Individual Medley,Qualified
5,Caroline,Bricker,SO,Stanford,A,01:53.0,200 Individual Medley,Qualified
6,Phoebe,Bacon,Grad,Wisconsin,A,01:53.1,200 Individual Medley,Qualified
7,Lea,Polonsky,SR,California,A,01:53.3,200 Individual Medley,Qualified
8,Campbell,Stoll,SO,Texas,A,01:53.4,200 Individual Medley,Qualified
9,Leah,Hayes,FR,Virginia,B,01:53.8,200 Individual Medley,Qualified
10,Campbell,Chase,FR,Texas,B,01:53.9,200 Individual Medley,Qualified
11,Lainy,Kruger,SO,Florida,B,01:54.1,200 Individual Medley,Qualified
12,Angela,Coe,SO,Texas,B,01:54.3,200 Individual Medley,Qualified
13,Sara,Stotler,SR,Tennessee,B,01:54.6,200 Individual Medley,Qualified
14,Zoe,Dixon,JR,Florida,B,01:54.6,200 Individual Medley,Qualified
15,Letitia,Sim,JR,Michigan,B,01:54.6,200 Individual Medley,Qualified
16,Lucerne,Bell,JR,Stanford,B,01:54.7,200 Individual Medley,Qualified
17,Sienna,Angove,FR,Ohio St,B,01:54.8,200 Individual Medley,Qualified
18,Ieva,Maluka,JR,Georgia,B,01:55.0,200 Individual Medley,Qualified
19,Lillian,Nordmann,SR,Stanford,B,01:55.1,200 Individual Medley,Qualified
20,Emily,Brown,FR,Tennessee,B,01:55.2,200 Individual Medley,Qualified
21,Paige,Hall,SR,Ohio St,B,01:55.5,200 Individual Medley,Qualified
22,Eleanor,Sun,SO,Princeton,B,01:55.5,200 Individual Medley,Qualified
23,Krista,Marlin,JR,Ohio St,B,01:55.7,200 Individual Medley,Qualified
24,Emily,Thompson,FR,Stanford,B,01:55.9,200 Individual Medley,Qualified
25,Abigail,Daniel,SR,Akron,B,01:56.0,200 Individual Medley,Qualified
26,Ashley,McMillan,SO,Southern Cali,B,01:56.2,200 Individual Medley,Qualified
27,Helen,Noble,JR,NC State,B,01:56.2,200 Individual Medley,Qualified
28,Fernanda,Gomes Celidonio,SR,SR,B,01:56.2,200 Individual Medley,Qualified
28,Paige,Delma,SO,Ohio St,B,01:56.2,200 Individual Medley,Qualified
30,Mary,Macaulay,SO,UNC,B,01:56.3,200 Individual Medley,Qualified
31,Callahan,Dunn,Grad,Wisconsin,B,01:56.3,200 Individual Medley,Qualified
32,Katie,Christopherson,FR,Virginia,B,01:56.4,200 Individual Medley,Qualified
33,Sydney,Gring,SO,Pittsburgh,B,01:56.5,200 Individual Medley,Qualified
34,Ella,Bathurst,SR,Virginia,B,01:56.5,200 Individual Medley,Qualified
35,Tristen,Ulett,Grad,Louisville,B,01:56.6,200 Individual Medley,Qualified
36,Elizabeth,Murphy,JR,UCLA,B,01:56.7,200 Individual Medley,Qualified
37,Mackenzie,Hodges,SO,Southern Cali,B,01:56.7,200 Individual Medley,Qualified
38,Olivia,Theall,Grad,Texas A&M,B,01:56.7,200 Individual Medley,Invited
39,Margaret,Wanezek,FR,Wisconsin,B,01:56.7,200 Individual Medley,Invited
40,Madeline,Huggins,SR,Florida St,B,01:56.8,200 Individual Medley,Invited
41,Reese,Tiltmann,SO,Indiana,B,01:57.1,200 Individual Medley,Invited
42,Lisa,NYSTRAND,FR,NC State,B,01:57.2,200 Individual Medley,Invited
43,Margaux,McDonald,Grad,California,B,01:57.2,200 Individual Medley,Invited
44,Zoe,Skirboll,JR,Virginia,B,01:57.2,200 Individual Medley,Invited
45,Olivia,Herron,JR,SIUC (W),B,01:57.2,200 Individual Medley,Invited
46,diana,petkova,Grad,Alabama,B,01:57.3,200 Individual Medley,Invited
47,Sofia,Plaza,FR,Florida,B,01:57.4,200 Individual Medley,Invited
47,Emma,Weber,JR,Virginia,B,01:57.4,200 Individual Medley,Invited
49,Ana,Jih-Schiff,SR,UCLA,B,01:57.5,200 Individual Medley,Invited
50,Charlotte,Brown,SR,Arizona St,B,01:57.5,200 Individual Medley,Invited
51,Charlotte,Wilson,FR,Virginia,B,01:57.5,200 Individual Medley,Invited
52,Kim,Herkle,SR,Louisville,B,01:57.5,200 Individual Medley,Invited
53,Malia,Amuan,JR,Michigan,B,01:57.6,200 Individual Medley,Invited
54,Hazal,Ozkan,JR,Wisconsin,B,01:57.6,200 Individual Medley,Invited
55,Molly,Mayne,SO,Florida,B,01:57.7,200 Individual Medley,Invited
56,Dakota,Tucker,SO,Princeton,B,01:57.8,200 Individual Medley,Invited
57,Emily,Lundgren,JR,Washington St.,B,01:57.8,200 Individual Medley,Invited
58,Giulia,Goerigk,JR,Texas A&M,B,01:58.0,200 Individual Medley,Invited
59,Delaney,Franklin,SO,South Carolina,B,01:58.0,200 Individual Medley,Invited
60,Karolina,Bank,JR,Missouri,B,01:58.1,200 Individual Medley,Invited
61,Sonia,Vaishnani,SO,Arizona St,B,01:58.1,200 Individual Medley,Invited
62,Edith,Jernstedt,SR,Florida St,B,01:58.3,200 Individual Medley,Invited
63,Mackenzie,Miller,JR,Brigham Young,B,01:58.3,200 Individual Medley,Invited
64,Marie,Landreneau,FR,Georgia,B,01:58.6,200 Individual Medley,Invited
65,Danika,Varda,FR,Ohio St,B,01:58.8,200 Individual Medley,Invited
66,Catherine,Choate,SO,Florida,B,01:58.9,200 Individual Medley,Invited
67,Ryenne,Ulett,SR,Louisville,B,01:59.0,200 Individual Medley,Invited
68,Audrey,Crawford,FR,Auburn,B,01:59.0,200 Individual Medley,Invited
1,Gretchen,Walsh,SR,Virginia,A,20.6,50 Freestyle,Qualified
2,Julia,Dennis,JR,Louisville,A,21.08,50 Freestyle,Qualified
3,Camille,Spink,SO,Tennessee,A,21.23,50 Freestyle,Qualified
4,Claire,Curzan,JR,Virginia,A,21.26,50 Freestyle,Qualified
5,Sophie,Yendell,Grad,Pittsburgh,A,21.3,50 Freestyle,Qualified
6,Mary-Ambre,MOLUH,FR,California,A,21.57,50 Freestyle,Qualified
7,Cadence,Vincent,SO,Alabama,B,21.59,50 Freestyle,Qualified
8,Kristina,Paegle,JR,Indiana,B,21.63,50 Freestyle,Qualified
8,Caroline,Larsen,FR,Louisville,B,21.63,50 Freestyle,Qualified
10,Giulia,Carvalho,SR,Miami (FL),B,21.69,50 Freestyle,Qualified
11,Gabi,Albiero,Grad,Louisville,B,21.71,50 Freestyle,Qualified
12,Maxine,Parker,Grad,Virginia,B,21.75,50 Freestyle,Qualified
13,Hailey,Tierney,SO,Wisconsin,B,21.76,50 Freestyle,Qualified
13,Brady,Kendall,JR,Michigan,B,21.76,50 Freestyle,Qualified
15,Caroline,Bentz,Grad,Arizona St,B,21.77,50 Freestyle,Qualified
16,Tatum,Wall,JR,Duke,B,21.79,50 Freestyle,Qualified
17,Lilian,Christianson,FR,NC State,B,21.81,50 Freestyle,Qualified
17,Grace,Cooper,Grad,Texas,B,21.81,50 Freestyle,Qualified
19,Olivia,Nel,JR,NC State,B,21.82,50 Freestyle,Qualified
20,Lindsay,Flynn,SR,Michigan,B,21.83,50 Freestyle,Qualified
21,Annaliesa,Moesch,FR,Virginia,B,21.84,50 Freestyle,Qualified
22,Michaela,De Villiers,JR,JR LSU,B,21.87,50 Freestyle,Qualified
23,Mckenna,Stone,SR,California,B,21.88,50 Freestyle,Qualified
23,Vasilissa,Buinaia,Grad,Southern Cali,B,21.88,50 Freestyle,Qualified
23,Tyler,Driscoll,SO,NC State,B,21.88,50 Freestyle,Qualified
26,Darcy,Revitt,FR,Washington St.,B,21.89,50 Freestyle,Qualified
27,Ava,Longi,Grad,Texas,B,21.9,50 Freestyle,Qualified
28,Kaitlyn,Owens,SR,Texas A&M,B,21.91,50 Freestyle,Qualified
28,Jillian,Crooks,FR,Tennessee,B,21.91,50 Freestyle,Qualified
30,Sofia,Maksimova,Grad,Cal Baptist,B,21.94,50 Freestyle,Qualified
30,Kailyn,Winter,SR,Alabama,B,21.94,50 Freestyle,Qualified
32,Lindsay,Ervin,JR,Northwestern,B,21.98,50 Freestyle,Qualified
32,Melissa,Nwakalor,SO,Richmond,B,21.98,50 Freestyle,Qualified
34,Claire,Newman,Grad,Michigan,B,21.99,50 Freestyle,Qualified
35,Alexis,Mulvihill,SR,Auburn,B,22,50 Freestyle,Qualified
36,Peyton,Curry,SR,South Carolina,B,22.01,50 Freestyle,Qualified
36,Alexis,Duchsherer,SR,Arizona,B,22.01,50 Freestyle,Qualified
38,Nyah,Funderburke,SR,Ohio St,B,22.03,50 Freestyle,Invited
39,Eboni,McCarty,SR,Georgia,B,22.04,50 Freestyle,Invited
40,Lucy,Mehraban,SO,Louisville,B,22.05,50 Freestyle,Invited
40,STEPHANIE,BALDUCCINI,SO,Michigan,B,22.05,50 Freestyle,Invited
42,Ella,Welch,JR,Louisville,B,22.06,50 Freestyle,Invited
43,Teresa,Ivan,SR,Ohio St,B,22.07,50 Freestyle,Invited
43,Greer,Pattison,SR,UNC,B,22.07,50 Freestyle,Invited
43,Kamryn,Cannings,SO,Liberty,B,22.07,50 Freestyle,Invited
46,Lucy,Thomas,SO,Stanford,B,22.08,50 Freestyle,Invited
47,Alyssa,Bozzuto,FR,Liberty,B,22.09,50 Freestyle,Invited
48,Carmen,Weiler Sastre,JR,Virginia Tech,B,22.11,50 Freestyle,Invited
48,Caroline,Famous,Grad,Southern Cali,B,22.11,50 Freestyle,Invited
50,Julia,Ullmann,FR,Arizona St,B,22.13,50 Freestyle,Invited
50,Helena,Jones,SO,Georgia,B,22.13,50 Freestyle,Invited
52,Chloe,Stepanek,Grad,Texas A&M,B,22.14,50 Freestyle,Invited
53,Zita,Szoke,SO,Ohio,B,22.17,50 Freestyle,Invited
54,Mona,McSharry,Grad,Tennessee,B,22.2,50 Freestyle,Invited
55,Jada,Scott,SO,Alabama,B,22.21,50 Freestyle,Invited
56,Emily,Jones,JR,Alabama,B,22.22,50 Freestyle,Invited
57,Elizaveta,Klevanovich,Grad,Auburn,B,22.25,50 Freestyle,Invited
58,Cameron,Snowden,JR,UNC Wilmington,B,22.26,50 Freestyle,Invited
58,Scarlett,Ferris,SO,Nevada,B,22.26,50 Freestyle,Invited
58,Madison,Parker,SO,SMU,B,22.26,50 Freestyle,Invited
61,Alexis,Greenhawt,SO,Michigan,B,22.28,50 Freestyle,Invited
62,Nicole,Venema,Grad,Northwestern,B,22.29,50 Freestyle,Invited
63,Mya,Dewitt,JR,Indiana,B,22.3,50 Freestyle,Invited
63,Lora,KOMOROCZY,FR,Auburn,B,22.3,50 Freestyle,Invited
65,Amy,Tang,SR,Stanford,B,22.36,50 Freestyle,Invited
66,Addison,Reese,FR,Florida,B,22.39,50 Freestyle,Invited
66,Alison,Pfaff,SO,Duke,B,22.39,50 Freestyle,Invited
66,Olivia,Peoples,SR,Florida,B,22.39,50 Freestyle,Invited
69,Garlynd,Johnson,JR,Stanford,B,22.41,50 Freestyle,Invited
70,Brooklyn,Douthwright,SR,Tennessee,B,22.43,50 Freestyle,Invited
71,Zara,Zallen,SO,Missouri,B,22.45,50 Freestyle,Invited
72,Madeline,Padavic,SR,Miami (Ohio),B,22.5,50 Freestyle,Invited
72,Christey,Liang,JR,Michigan,B,22.5,50 Freestyle,Invited
74,Grace,Frericks,JR,Kentucky,B,22.52,50 Freestyle,Invited
75,Kacey,McKenna,SR,Indiana,B,22.55,50 Freestyle,Invited
75,Skyler,Smith,SR,UNC,B,22.55,50 Freestyle,Invited
75,Casey,Chung,Grad,Michigan,B,22.55,50 Freestyle,Invited
78,Erin,Milligan,Grad,Arizona St,B,22.56,50 Freestyle,Invited
78,Emily,Claesson,JR,Virginia Tech,B,22.56,50 Freestyle,Invited
1,Kathryn,Grimes,FR,Virginia,A,03:59.0,400 Individual Medley,Qualified
2,Emma,Weyant,SR,Florida,A,03:59.2,400 Individual Medley,Qualified
3,Caroline,Bricker,SO,Stanford,A,03:59.9,400 Individual Medley,Qualified
4,Leah,Hayes,FR,Virginia,A,04:01.3,400 Individual Medley,Qualified
5,Ella,Jansen,FR,Tennessee,A,04:01.6,400 Individual Medley,Qualified
6,Lucerne,Bell,JR,Stanford,A,04:01.7,400 Individual Medley,Qualified
7,Campbell,Stoll,SO,Texas,A,04:03.1,400 Individual Medley,Qualified
8,Sienna,Angove,FR,Ohio St,B,04:03.9,400 Individual Medley,Qualified
9,Mabel,Zavaros,Grad,Florida,B,04:03.9,400 Individual Medley,Qualified
10,Zoe,Dixon,JR,Florida,B,04:04.0,400 Individual Medley,Qualified
11,Julie,Brousseau,FR,Florida,B,04:04.2,400 Individual Medley,Qualified
12,Mia,Rankin,SR,Ohio St,B,04:04.8,400 Individual Medley,Qualified
13,Emily,Brown,FR,Tennessee,B,04:05.2,400 Individual Medley,Qualified
14,Ashley,McMillan,SO,Southern Cali,B,04:05.2,400 Individual Medley,Qualified
15,Eleanor,Sun,SO,Princeton,B,04:06.2,400 Individual Medley,Qualified
16,Emily,Thompson,FR,Stanford,B,04:06.3,400 Individual Medley,Qualified
17,Campbell,Chase,FR,Texas,B,04:06.6,400 Individual Medley,Qualified
18,Krista,Marlin,JR,Ohio St,B,04:06.8,400 Individual Medley,Qualified
19,Sofia,Plaza,FR,Florida,B,04:07.2,400 Individual Medley,Qualified
20,Callahan,Dunn,Grad,Wisconsin,B,04:07.5,400 Individual Medley,Qualified
21,Charlotte,Brown,SR,Arizona St,B,04:07.6,400 Individual Medley,Qualified
22,Reese,Tiltmann,SO,Indiana,B,04:07.6,400 Individual Medley,Qualified
23,Kathryn,Hazle,SO,California,B,04:07.6,400 Individual Medley,Qualified
23,Carli,Cronk,FR,Notre Dame,B,04:07.6,400 Individual Medley,Qualified
25,Dakota,Tucker,SO,Princeton,B,04:07.8,400 Individual Medley,Qualified
26,Lisa,NYSTRAND,FR,NC State,B,04:07.9,400 Individual Medley,Qualified
27,Michaela,Mattes,SO,Florida,B,04:08.0,400 Individual Medley,Qualified
28,Giulia,Goerigk,JR,Texas A&M,B,04:08.1,400 Individual Medley,Qualified
29,Kimberly,Shannon,FR,Pittsburgh,B,04:08.5,400 Individual Medley,Qualified
30,Aislin,Farris,JR,UNC,B,04:08.6,400 Individual Medley,Qualified
31,Angela,Coe,SO,Texas,B,04:08.6,400 Individual Medley,Qualified
32,Justina,Kozan,JR,Southern Cali,B,04:08.8,400 Individual Medley,Qualified
33,Paige,Delma,SO,Ohio St,B,04:08.8,400 Individual Medley,Qualified
34,Delaney,Franklin,SO,South Carolina,B,04:08.9,400 Individual Medley,Qualified
35,Sonia,Vaishnani,SO,Arizona St,B,04:09.1,400 Individual Medley,Qualified
36,Kim,Herkle,SR,Louisville,B,04:09.3,400 Individual Medley,Qualified
37,Ella,Bathurst,SR,Virginia,B,04:09.5,400 Individual Medley,Qualified
38,Kathryn,McCarthy,SO,Minnesota,B,04:10.4,400 Individual Medley,Invited
39,Elizabeth,Murphy,JR,UCLA,B,04:10.6,400 Individual Medley,Invited
40,DENIZ,ERTAN,JR,Arizona St,B,04:10.8,400 Individual Medley,Invited
41,Grace,Sheble,SR,NC State,B,04:10.9,400 Individual Medley,Invited
42,Mary,Macaulay,SO,UNC,B,04:11.0,400 Individual Medley,Invited
43,Kate,McCarville,SR,Tennessee,B,04:11.0,400 Individual Medley,Invited
44,Audrey,Crawford,FR,Auburn,B,04:12.4,400 Individual Medley,Invited
45,Madison,Kolessar,Grad,South Carolina,B,04:12.9,400 Individual Medley,Invited
46,Genevieve,Jorgenson,JR,Nebraska,B,04:13.8,400 Individual Medley,Invited
47,Alexandra,Waggoner,SR,Seton Hall,B,04:13.8,400 Individual Medley,Invited
48,Emma,Finlin,FR,Ohio St,B,04:14.4,400 Individual Medley,Invited
49,Marian,PLOEGER,FR,Michigan,B,04:15.4,400 Individual Medley,Invited
1,Gretchen,Walsh,SR,Virginia,A,47.35,100 Butterfly,Qualified
2,Victoria,Huske,JR,Stanford,A,48.52,100 Butterfly,Qualified
3,Emma,Sticklen,Grad,Texas,A,49.4,100 Butterfly,Qualified
4,Leah,Shackley,FR,NC State,A,50.33,100 Butterfly,Qualified
5,Ella,Welch,JR,Louisville,B,50.74,100 Butterfly,Qualified
6,Miranda,Grana,SO,Indiana,B,50.8,100 Butterfly,Qualified
7,Giulia,Carvalho,SR,Miami (FL),B,50.91,100 Butterfly,Qualified
8,Olivia,Peoples,SR,Florida,B,50.96,100 Butterfly,Qualified
9,Abigail,Arens,Grad,Texas,B,51.01,100 Butterfly,Qualified
10,Sophie,Yendell,Grad,Pittsburgh,B,51.13,100 Butterfly,Qualified
11,Gabi,Albiero,Grad,Louisville,B,51.18,100 Butterfly,Qualified
12,Sydney,Gring,SO,Pittsburgh,B,51.25,100 Butterfly,Qualified
13,Olivia,Bray,Grad,Texas,B,51.26,100 Butterfly,Qualified
14,Lilou,RESSENCOURT,SR,California,B,51.29,100 Butterfly,Qualified
15,Julia,Ullmann,FR,Arizona St,B,51.4,100 Butterfly,Qualified
16,Kamryn,Cannings,SO,Liberty,B,51.42,100 Butterfly,Qualified
17,Greta,Pelzek,SR,South Carolina,B,51.46,100 Butterfly,Qualified
18,Sara,Stotler,SR,Tennessee,B,51.5,100 Butterfly,Qualified
18,Carly,Novelline,JR,Virginia,B,51.5,100 Butterfly,Qualified
20,Olivia,Theall,Grad,Texas A&M,B,51.51,100 Butterfly,Qualified
20,Lillian,Nordmann,SR,Stanford,B,51.51,100 Butterfly,Qualified
22,Sofia,Sartori,JR,LSU,B,51.55,100 Butterfly,Qualified
23,Tristen,Ulett,Grad,Louisville,B,51.58,100 Butterfly,Qualified
24,Brady,Kendall,JR,Michigan,B,51.6,100 Butterfly,Qualified
25,Morgan,Carteaux,SO,Auburn,B,51.64,100 Butterfly,Qualified
26,Alexis,Greenhawt,SO,Michigan,B,51.65,100 Butterfly,Qualified
26,Lora,KOMOROCZY,FR,Auburn,B,51.65,100 Butterfly,Qualified
28,Abigail,Daniel,SR,Akron,B,51.67,100 Butterfly,Qualified
29,Garlynd,Johnson,JR,Stanford,B,51.68,100 Butterfly,Qualified
30,Annika,Parkhe,FR,Stanford,B,51.7,100 Butterfly,Qualified
31,Margaret,Schalow,SO,Virginia,B,51.74,100 Butterfly,Qualified
32,Cameron,Snowden,JR,UNC Wilmington,B,51.78,100 Butterfly,Qualified
33,Erika,Pelaez,FR,NC State,B,51.81,100 Butterfly,Qualified
33,Lilian,Christianson,FR,NC State,B,51.81,100 Butterfly,Qualified
33,Bailey,Hartman,FR,Virginia,B,51.81,100 Butterfly,Qualified
36,Caroline,Famous,Grad,Southern Cali,B,51.84,100 Butterfly,Qualified
37,Mckenna,Stone,SR,California,B,51.87,100 Butterfly,Qualified
38,Ashlyn,Massey,FR,Miami (FL),B,51.92,100 Butterfly,Invited
39,Kailyn,Winter,SR,Alabama,B,51.99,100 Butterfly,Invited
40,Elizabeth,Cook,SR,California,B,52.02,100 Butterfly,Invited
41,Edith,Jernstedt,SR,Florida St,B,52.06,100 Butterfly,Invited
42,Ava,Longi,Grad,Texas,B,52.07,100 Butterfly,Invited
43,Joleigh,Crye,JR,Cincinnati,B,52.13,100 Butterfly,Invited
44,Celia,Pulido,SR,SIUC (W),B,52.25,100 Butterfly,Invited
45,Addison,Reese,FR,Florida,B,52.29,100 Butterfly,Invited
46,Ava,Whitaker,SO,Indiana,B,52.32,100 Butterfly,Invited
47,Nyah,Funderburke,SR,Ohio St,B,52.36,100 Butterfly,Invited
48,Zoe,CARLOS-BROC,FR,LSU,B,52.38,100 Butterfly,Invited
49,Hailey,Tierney,SO,Wisconsin,B,52.49,100 Butterfly,Invited
50,Mackenzie,McConagha,SR,Wisconsin,B,52.52,100 Butterfly,Invited
51,Kailia,Utley,SR,Vanderbilt,B,52.55,100 Butterfly,Invited
52,Heidi,Smithwick,JR,Princeton,B,52.71,100 Butterfly,Invited
53,Hannah,Bellard,SO,Michigan,B,52.72,100 Butterfly,Invited
54,Scarlett,Ferris,SO,Nevada,B,52.74,100 Butterfly,Invited
55,Breckin,Gormley,JR,South Carolina,B,52.84,100 Butterfly,Invited
55,Tyler,Driscoll,SO,NC State,B,52.84,100 Butterfly,Invited
57,Sarah,Walker,SO,Texas A&M,B,53.15,100 Butterfly,Invited
58,Sofia,Maksimova,Grad,Cal Baptist,B,53.2,100 Butterfly,Invited
59,Alexis,Mulvihill,SR,Auburn,B,53.24,100 Butterfly,Invited
60,Lindsay,Flynn,SR,Michigan,B,53.3,100 Butterfly,Invited
1,Anna,Peplowski,SR,Indiana,A,01:40.7,200 Freeystyle,Qualified
2,STEPHANIE,BALDUCCINI,SO,Michigan,A,01:41.2,200 Freeystyle,Qualified
3,Minna,Abraham,SO,Southern Cali,A,01:41.3,200 Freeystyle,Qualified
4,Aimee,Canny,JR,Virginia,A,01:42.0,200 Freeystyle,Qualified
5,Camille,Spink,SO,Tennessee,A,01:42.1,200 Freeystyle,Qualified
6,Erin,Gemmell,SO,Texas,A,01:42.3,200 Freeystyle,Qualified
7,Brooklyn,Douthwright,SR,Tennessee,B,01:42.6,200 Freeystyle,Qualified
8,Lea,Polonsky,SR,California,B,01:42.7,200 Freeystyle,Qualified
9,Annaliesa,Moesch,FR,Virginia,B,01:43.1,200 Freeystyle,Qualified
10,Aurora,Roghair,SR,Stanford,B,01:43.1,200 Freeystyle,Qualified
11,Lillian,Nesty,FR,Texas,B,01:43.2,200 Freeystyle,Qualified
12,Marie,Landreneau,FR,Georgia,B,01:43.3,200 Freeystyle,Qualified
13,Kayla,Wilson,JR,Stanford,B,01:43.3,200 Freeystyle,Qualified
14,Chloe,Stepanek,Grad,Texas A&M,B,01:43.8,200 Freeystyle,Qualified
15,Dune,Coetzee,SR,Georgia,B,01:43.9,200 Freeystyle,Qualified
16,Lainy,Kruger,SO,Florida,B,01:43.9,200 Freeystyle,Qualified
17,Megan,Barnes,JR,LSU,B,01:43.9,200 Freeystyle,Qualified
18,Daria,Golovaty,FR,Louisville,B,01:44.0,200 Freeystyle,Qualified
19,Julia,Mrozinski,SR,Tennessee,B,01:44.0,200 Freeystyle,Qualified
20,Nicole,Venema,Grad,Northwestern,B,01:44.1,200 Freeystyle,Qualified
21,Ieva,Maluka,JR,Georgia,B,01:44.1,200 Freeystyle,Qualified
22,Abby,Carlson,SR,Wisconsin,B,01:44.1,200 Freeystyle,Qualified
23,Shea,Furse,JR,Georgia,B,01:44.2,200 Freeystyle,Qualified
24,Summer,Cardwell,SO,Louisville,B,01:44.2,200 Freeystyle,Qualified
25,Amelia,Bodenstab,FR,Louisville,B,01:44.3,200 Freeystyle,Qualified
26,Christey,Liang,JR,Michigan,B,01:44.3,200 Freeystyle,Qualified
27,Annabel,Crush,SR,NC State,B,01:44.4,200 Freeystyle,Qualified
28,Ava,Chavez,SO,California,B,01:44.4,200 Freeystyle,Qualified
29,Reagan,Osborne,Grad,LSU,B,01:44.4,200 Freeystyle,Qualified
30,Rebecca,Diaconescu,FR,Michigan,B,01:44.5,200 Freeystyle,Qualified
31,Erin,Milligan,Grad,Arizona St,B,01:44.5,200 Freeystyle,Qualified
32,Maxine,Parker,Grad,Virginia,B,01:44.6,200 Freeystyle,Qualified
33,Josephine,Ramey,SO,Florida,B,01:44.6,200 Freeystyle,Qualified
34,Malia,Amuan,JR,Michigan,B,01:44.6,200 Freeystyle,Qualified
35,Julia,Strojnowska,FR,Auburn,B,01:44.6,200 Freeystyle,Qualified
36,Cavan,Gormsen,SO,Virginia,B,01:44.6,200 Freeystyle,Qualified
37,Zita,Szoke,SO,Ohio,B,01:44.7,200 Freeystyle,Qualified
38,Mackenzie,Hodges,SO,Southern Cali,B,01:44.8,200 Freeystyle,Invited
39,Amy,Riordan,JR,South Carolina,B,01:44.9,200 Freeystyle,Invited
40,Fernanda,Gomes Celidonio,SR,SR,B,01:45.0,200 Freeystyle,Invited
41,Rachel,Stege,SR,Georgia,B,01:45.1,200 Freeystyle,Invited
42,Vasilissa,Buinaia,Grad,Southern Cali,B,01:45.1,200 Freeystyle,Invited
43,Natalie,Mannion,JR,Stanford,B,01:45.2,200 Freeystyle,Invited
44,Helena,Jones,SO,Georgia,B,01:45.2,200 Freeystyle,Invited
45,Claire,Tuggle,JR,Southern Cali,B,01:45.2,200 Freeystyle,Invited
46,Emma,Atkinson,Grad,Virginia Tech,B,01:45.3,200 Freeystyle,Invited
47,Ching,Gan,SR,Indiana,B,01:45.6,200 Freeystyle,Invited
48,Abigail,McCulloh,SR,Georgia,B,01:45.7,200 Freeystyle,Invited
49,Madison,Parker,SO,SMU,B,01:45.7,200 Freeystyle,Invited
50,Alexandra,Bastone,SO,Harvard,B,01:46.2,200 Freeystyle,Invited
51,Mila,Nikanorov,FR,Ohio St,B,01:46.5,200 Freeystyle,Invited
52,Lucy,Mehraban,SO,Louisville,B,01:46.7,200 Freeystyle,Invited
53,Maren,Conze,SO,UNC,B,01:46.7,200 Freeystyle,Invited
54,Anna,Moehn,JR,Penn,B,01:46.8,200 Freeystyle,Invited
55,Hayden,Miller,JR,Texas A&M,B,01:46.8,200 Freeystyle,Invited
1,Alexandra,Walsh,Grad,Virginia,A,56.85,100 Breaststroke,Qualified
2,Mona,McSharry,Grad,Tennessee,A,57.26,100 Breaststroke,Qualified
3,McKenzie,Siroky,FR,Tennessee,A,57.27,100 Breaststroke,Qualified
4,Kaitlyn,Dobler,Grad,Southern Cali,A,57.41,100 Breaststroke,Qualified
5,Anita,Bottazzo,FR,Florida,A,57.49,100 Breaststroke,Qualified
6,Piper,Enge,FR,Texas,A,57.69,100 Breaststroke,Qualified
7,Joleigh,Crye,JR,Cincinnati,B,58.09,100 Breaststroke,Qualified
8,Henrietta,Fangli,SR,Houston,B,58.12,100 Breaststroke,Qualified
9,Kaelyn,Gridley,JR,Duke,B,58.14,100 Breaststroke,Qualified
10,Emma,Weber,JR,Virginia,B,58.18,100 Breaststroke,Qualified
11,Skyler,Smith,SR,UNC,B,58.26,100 Breaststroke,Qualified
12,Abigail,Arens,Grad,Texas,B,58.49,100 Breaststroke,Qualified
13,Avery,Wiseman,SR,Alabama,B,58.51,100 Breaststroke,Qualified
14,Mackenzie,Miller,JR,Brigham Young,B,58.6,100 Breaststroke,Qualified
15,Letitia,Sim,JR,Michigan,B,58.74,100 Breaststroke,Qualified
16,Mia,Cheatwood,JR,Louisville,B,58.77,100 Breaststroke,Qualified
17,Molly,Mayne,SO,Florida,B,58.89,100 Breaststroke,Qualified
18,diana,petkova,Grad,Alabama,B,58.94,100 Breaststroke,Qualified
19,Karolina,Bank,JR,Missouri,B,58.99,100 Breaststroke,Qualified
20,Eleni,Gewalt,JR,Arizona,B,59,100 Breaststroke,Qualified
21,Emma,Becker,JR,Florida Int'l,B,59.02,100 Breaststroke,Qualified
22,Madeline,Huggins,SR,Florida St,B,59.04,100 Breaststroke,Qualified
23,Lucy,Thomas,SO,Stanford,B,59.06,100 Breaststroke,Qualified
24,Bridget,Engel,Grad,Kentucky,B,59.11,100 Breaststroke,Qualified
25,Chloe,BRAUN,JR,UCSD,B,59.14,100 Breaststroke,Qualified
26,Alyssa,Bozzuto,FR,Liberty,B,59.17,100 Breaststroke,Qualified
27,Jenna,Pulkkinen,SO,Fresno State,B,59.19,100 Breaststroke,Qualified
28,Zoe,Skirboll,JR,Virginia,B,59.2,100 Breaststroke,Qualified
29,Anastasia,Makarova,SR,Auburn,B,59.23,100 Breaststroke,Qualified
30,Ava,DeAngelis,SR,Ohio St,B,59.25,100 Breaststroke,Qualified
31,Karolina,Piechowicz,FR,UCLA,B,59.27,100 Breaststroke,Qualified
32,Kasia,Norman,SR,Alabama,B,59.35,100 Breaststroke,Qualified
33,Emily,Lundgren,JR,Washington St.,B,59.45,100 Breaststroke,Qualified
34,Ana,Jih-Schiff,SR,UCLA,B,59.47,100 Breaststroke,Qualified
35,Ana,Adame,SR,Arizona St,B,59.49,100 Breaststroke,Qualified
36,Margaux,McDonald,Grad,California,B,59.5,100 Breaststroke,Qualified
37,Simone,Moll,FR,Miami (FL),B,59.51,100 Breaststroke,Qualified
38,Aliz,Kalmar,JR,Fresno State,B,59.52,100 Breaststroke,Invited
38,Brearna,Crawford,SR,Indiana,B,59.52,100 Breaststroke,Invited
40,Hazal,Ozkan,JR,Wisconsin,B,59.62,100 Breaststroke,Invited
41,Caroline,Larsen,FR,Louisville,B,59.63,100 Breaststroke,Invited
42,Olivia,Herron,JR,SIUC (W),B,59.78,100 Breaststroke,Invited
43,Zara,Zallen,SO,Missouri,B,59.87,100 Breaststroke,Invited
44,Abigail,Herscu,JR,California,B,01:00.0,100 Breaststroke,Invited
45,Grace,Palmer,FR,LSU,B,01:00.0,100 Breaststroke,Invited
46,Olivia,Peoples,SR,Florida,B,01:00.6,100 Breaststroke,Invited
47,Virag,Peter,JR,Houston,B,01:00.7,100 Breaststroke,Invited
48,Claire,Newman,Grad,Michigan,B,01:00.7,100 Breaststroke,Invited
49,Danika,Varda,FR,Ohio St,B,01:01.0,100 Breaststroke,Invited
50,Jada,Scott,SO,Alabama,B,01:01.1,100 Breaststroke,Invited
51,Katie,Christopherson,FR,Virginia,B,01:01.1,100 Breaststroke,Invited
1,Arabella,Sims,SO,Florida,A,48.97,100 Backstroke,Qualified
2,Claire,Curzan,JR,Virginia,A,49.35,100 Backstroke,Qualified
3,Mary-Ambre,MOLUH,FR,California,A,49.68,100 Backstroke,Qualified
4,Josephine,Fuller,SR,Tennessee,A,50.05,100 Backstroke,Qualified
5,Phoebe,Bacon,Grad,Wisconsin,A,50.14,100 Backstroke,Qualified
6,Leah,Shackley,FR,NC State,A,50.22,100 Backstroke,Qualified
7,Isabelle,Stadden,Grad,California,A,50.26,100 Backstroke,Qualified
8,Erika,Pelaez,FR,NC State,A,50.46,100 Backstroke,Qualified
9,Miranda,Grana,SO,Indiana,B,50.69,100 Backstroke,Qualified
10,Helen,Noble,JR,NC State,B,50.75,100 Backstroke,Qualified
10,Emily,Jones,JR,Alabama,B,50.75,100 Backstroke,Qualified
12,Carmen,Weiler Sastre,JR,Virginia Tech,B,50.82,100 Backstroke,Qualified
13,Kacey,McKenna,SR,Indiana,B,50.87,100 Backstroke,Qualified
14,Greer,Pattison,SR,UNC,B,50.96,100 Backstroke,Qualified
14,Margaret,Wanezek,FR,Wisconsin,B,50.96,100 Backstroke,Qualified
16,Berit,Berglund,SO,Texas,B,51.02,100 Backstroke,Qualified
17,Celia,Pulido,SR,SIUC (W),B,51.07,100 Backstroke,Qualified
18,Alison,Pfaff,SO,Duke,B,51.11,100 Backstroke,Qualified
19,Nyah,Funderburke,SR,Ohio St,B,51.18,100 Backstroke,Qualified
20,Charlotte,Cullen,FR,Houston,B,51.19,100 Backstroke,Qualified
21,Lora,KOMOROCZY,FR,Auburn,B,51.21,100 Backstroke,Qualified
22,Caroline,Bentz,Grad,Arizona St,B,51.22,100 Backstroke,Qualified
23,Eboni,McCarty,SR,Georgia,B,51.28,100 Backstroke,Qualified
24,Caroline,Famous,Grad,Southern Cali,B,51.37,100 Backstroke,Qualified
25,Claire,Jansen,JR,Pittsburgh,B,51.4,100 Backstroke,Qualified
26,Mya,Dewitt,JR,Indiana,B,51.41,100 Backstroke,Qualified
27,Casey,Chung,Grad,Michigan,B,51.42,100 Backstroke,Qualified
28,Emma,Kern,SO,Texas,B,51.49,100 Backstroke,Qualified
29,Olivia,Bray,Grad,Texas,B,51.52,100 Backstroke,Qualified
29,Madeline,Padavic,SR,Miami (Ohio),B,51.52,100 Backstroke,Qualified
31,Catherine,Choate,SO,Florida,B,51.54,100 Backstroke,Qualified
32,Kaitlyn,Owens,SR,Texas A&M,B,51.56,100 Backstroke,Qualified
33,Scarlett,Ferris,SO,Nevada,B,51.6,100 Backstroke,Qualified
33,Zoe,CARLOS-BROC,FR,LSU,B,51.6,100 Backstroke,Qualified
35,Ava,Yablonski,JR,Minnesota,B,51.61,100 Backstroke,Qualified
36,Carly,Novelline,JR,Virginia,B,51.68,100 Backstroke,Qualified
36,Charlotte,Wilson,FR,Virginia,B,51.68,100 Backstroke,Qualified
38,Paige,Hall,SR,Ohio St,B,51.84,100 Backstroke,Invited
39,Mackenzie,McConagha,SR,Wisconsin,B,51.86,100 Backstroke,Invited
40,Olivia,Nel,JR,NC State,B,51.9,100 Backstroke,Invited
41,Regan,Rathwell,JR,Tennessee,B,51.92,100 Backstroke,Invited
42,Amy,Riordan,JR,South Carolina,B,51.93,100 Backstroke,Invited
43,Jillian,Crooks,FR,Tennessee,B,51.95,100 Backstroke,Invited
44,Annika,Parkhe,FR,Stanford,B,52.04,100 Backstroke,Invited
45,Tess,Howley,SO,Virginia,B,52.19,100 Backstroke,Invited
46,Emma,Karam,JR,UNC,B,52.26,100 Backstroke,Invited
47,Emma,Atkinson,Grad,Virginia Tech,B,52.31,100 Backstroke,Invited
48,Sophia,Frei,SO,UNC,B,52.32,100 Backstroke,Invited
49,Alexis,Greenhawt,SO,Michigan,B,52.45,100 Backstroke,Invited
50,Sophie,Brison,SO,Tennessee,B,52.53,100 Backstroke,Invited
51,Cadence,Vincent,SO,Alabama,B,52.64,100 Backstroke,Invited
52,Grace,Frericks,JR,Kentucky,B,52.79,100 Backstroke,Invited
53,Finley,Anderson,FR,California,B,52.93,100 Backstroke,Invited
54,Teresa,Ivan,SR,Ohio St,B,53.3,100 Backstroke,Invited
55,Aviv,Barzelay,SR,Texas A&M,B,53.39,100 Backstroke,Invited
1,Jillian,Cox,SO,Texas,A,15:30.3,1650 Freestyle,Qualified
2,Aurora,Roghair,SR,Stanford,A,15:36.4,1650 Freestyle,Qualified
3,Abigail,McCulloh,SR,Georgia,A,15:45.8,1650 Freestyle,Qualified
4,Ching,Gan,SR,Indiana,A,15:46.2,1650 Freestyle,Qualified
5,Kate,Hurst,FR,Texas,A,15:47.9,1650 Freestyle,Qualified
6,Mila,Nikanorov,FR,Ohio St,A,15:49.3,1650 Freestyle,Qualified
7,Maya,Geringer,Grad,California,A,15:51.0,1650 Freestyle,Qualified
8,Emma,Weyant,SR,Florida,B,15:53.2,1650 Freestyle,Qualified
9,Kathryn,Grimes,FR,Virginia,B,15:53.4,1650 Freestyle,Qualified
10,Eliot,Kennedy,SR,Minnesota,B,15:54.1,1650 Freestyle,Qualified
10,Cavan,Gormsen,SO,Virginia,B,15:54.1,1650 Freestyle,Qualified
12,Rebecca,Diaconescu,FR,Michigan,B,15:56.1,1650 Freestyle,Qualified
13,Genevieve,Jorgenson,JR,Nebraska,B,15:56.7,1650 Freestyle,Qualified
14,Leticia,Fassina Romao,FR,FR Louisville,B,15:58.6,1650 Freestyle,Qualified
15,Chase,Travis,Grad,NC State,B,15:59.2,1650 Freestyle,Qualified
16,Michaela,Mattes,SO,Florida,B,15:59.4,1650 Freestyle,Qualified
17,Alexandra,Bastone,SO,Harvard,B,15:59.7,1650 Freestyle,Qualified
18,Alexa,Reyna,SO,Arizona St,B,16:00.4,1650 Freestyle,Qualified
19,Julie,Brousseau,FR,Florida,B,16:00.5,1650 Freestyle,Qualified
20,Paige,McKenna,SR,Wisconsin,B,16:00.8,1650 Freestyle,Qualified
21,DENIZ,ERTAN,JR,Arizona St,B,16:01.3,1650 Freestyle,Qualified
22,Marian,PLOEGER,FR,Michigan,B,16:02.3,1650 Freestyle,Qualified
23,Dune,Coetzee,SR,Georgia,B,16:02.6,1650 Freestyle,Qualified
24,Rachel,Stege,SR,Georgia,B,16:03.7,1650 Freestyle,Qualified
25,Anna,Moehn,JR,Penn,B,16:04.7,1650 Freestyle,Qualified
26,Gwenyth,Woodbury,SR,Ohio St,B,16:04.8,1650 Freestyle,Qualified
27,Kathryn,McCarthy,SO,Minnesota,B,16:05.8,1650 Freestyle,Qualified
28,Hayden,Miller,JR,Texas A&M,B,16:06.1,1650 Freestyle,Qualified
29,Mariah,Denigan,SR,Indiana,B,16:06.1,1650 Freestyle,Qualified
30,Madison,Kolessar,Grad,South Carolina,B,16:06.5,1650 Freestyle,Qualified
31,Alexandra,Waggoner,SR,Seton Hall,B,16:06.7,1650 Freestyle,Qualified
32,Nora,FLUCK,FR,South Carolina,B,16:06.9,1650 Freestyle,Qualified
33,Kate,McCarville,SR,Tennessee,B,16:07.6,1650 Freestyle,Qualified
34,Macey,Hansen,FR,Wyoming (W),B,16:07.8,1650 Freestyle,Qualified
35,Emma,Finlin,FR,Ohio St,B,16:07.8,1650 Freestyle,Qualified
36,Sydney,Bergstrom,JR,Penn,B,16:08.0,1650 Freestyle,Qualified
37,Maggie,Graves,SR,Notre Dame,B,16:09.0,1650 Freestyle,Qualified
38,Liberty,Williams,Grad,Alabama,B,16:09.4,1650 Freestyle,Qualified
39,Mia,Rankin,SR,Ohio St,B,16:09.6,1650 Freestyle,Invited
40,Julia,Strojnowska,FR,Auburn,B,16:19.4,1650 Freestyle,Invited
41,Shea,Furse,JR,Georgia,B,16:26.4,1650 Freestyle,Invited
1,Claire,Curzan,JR,Virginia,A,01:46.9,200 Backstroke,Qualified
2,Arabella,Sims,SO,Florida,A,01:48.3,200 Backstroke,Qualified
3,Leah,Shackley,FR,NC State,A,01:48.7,200 Backstroke,Qualified
4,Phoebe,Bacon,Grad,Wisconsin,A,01:48.8,200 Backstroke,Qualified
5,Isabelle,Stadden,Grad,California,A,01:50.0,200 Backstroke,Qualified
6,Josephine,Fuller,SR,Tennessee,A,01:50.1,200 Backstroke,Qualified
7,Miranda,Grana,SO,Indiana,A,01:50.5,200 Backstroke,Qualified
8,Erika,Pelaez,FR,NC State,B,01:50.6,200 Backstroke,Qualified
9,Margaret,Wanezek,FR,Wisconsin,B,01:50.6,200 Backstroke,Qualified
10,Carmen,Weiler Sastre,JR,Virginia Tech,B,01:50.7,200 Backstroke,Qualified
11,Helen,Noble,JR,NC State,B,01:51.2,200 Backstroke,Qualified
12,Krista,Marlin,JR,Ohio St,B,01:51.3,200 Backstroke,Qualified
13,Sophie,Brison,SO,Tennessee,B,01:51.3,200 Backstroke,Qualified
14,Alison,Pfaff,SO,Duke,B,01:51.5,200 Backstroke,Qualified
15,Emma,Atkinson,Grad,Virginia Tech,B,01:51.8,200 Backstroke,Qualified
15,Catherine,Choate,SO,Florida,B,01:51.8,200 Backstroke,Qualified
17,Caroline,Bentz,Grad,Arizona St,B,01:51.9,200 Backstroke,Qualified
18,Paige,Hall,SR,Ohio St,B,01:52.1,200 Backstroke,Qualified
19,Mabel,Zavaros,Grad,Florida,B,01:52.2,200 Backstroke,Qualified
20,Emily,Jones,JR,Alabama,B,01:52.3,200 Backstroke,Qualified
21,Josephine,Ramey,SO,Florida,B,01:52.3,200 Backstroke,Qualified
22,Emma,Karam,JR,UNC,B,01:52.3,200 Backstroke,Qualified
23,Zoe,Dixon,JR,Florida,B,01:52.4,200 Backstroke,Qualified
24,Regan,Rathwell,JR,Tennessee,B,01:52.4,200 Backstroke,Qualified
25,Lillian,Nesty,FR,Texas,B,01:52.5,200 Backstroke,Qualified
26,Charlotte,Wilson,FR,Virginia,B,01:52.6,200 Backstroke,Qualified
27,Sophia,Frei,SO,UNC,B,01:52.6,200 Backstroke,Qualified
28,Amy,Riordan,JR,South Carolina,B,01:52.8,200 Backstroke,Qualified
29,Finley,Anderson,FR,California,B,01:52.9,200 Backstroke,Qualified
30,Berit,Berglund,SO,Texas,B,01:53.0,200 Backstroke,Qualified
31,Grace,Frericks,JR,Kentucky,B,01:53.0,200 Backstroke,Qualified
32,Aviv,Barzelay,SR,Texas A&M,B,01:53.1,200 Backstroke,Qualified
33,Natalie,Mannion,JR,Stanford,B,01:53.2,200 Backstroke,Qualified
34,Emma,Kern,SO,Texas,B,01:53.2,200 Backstroke,Qualified
35,Charlotte,Cullen,FR,Houston,B,01:53.2,200 Backstroke,Qualified
36,Maren,Conze,SO,UNC,B,01:53.3,200 Backstroke,Qualified
37,Ryenne,Ulett,SR,Louisville,B,01:53.3,200 Backstroke,Qualified
38,Mya,Dewitt,JR,Indiana,B,01:53.4,200 Backstroke,Invited
39,Claire,Jansen,JR,Pittsburgh,B,01:53.4,200 Backstroke,Invited
40,Celia,Pulido,SR,SIUC (W),B,01:53.7,200 Backstroke,Invited
41,Ava,Yablonski,JR,Minnesota,B,01:53.7,200 Backstroke,Invited
42,Kacey,McKenna,SR,Indiana,B,01:53.8,200 Backstroke,Invited
43,Casey,Chung,Grad,Michigan,B,01:53.9,200 Backstroke,Invited
44,Mackenzie,Hodges,SO,Southern Cali,B,01:53.9,200 Backstroke,Invited
45,Ella,Bathurst,SR,Virginia,B,01:54.0,200 Backstroke,Invited
46,Elizabeth,Murphy,JR,UCLA,B,01:54.1,200 Backstroke,Invited
47,Sofia,Sartori,JR,LSU,B,01:54.4,200 Backstroke,Invited
48,Kimberly,Shannon,FR,Pittsburgh,B,01:54.6,200 Backstroke,Invited
49,Aislin,Farris,JR,UNC,B,01:54.9,200 Backstroke,Invited
50,Charlotte,Brown,SR,Arizona St,B,01:55.5,200 Backstroke,Invited
51,Malia,Amuan,JR,Michigan,B,01:55.9,200 Backstroke,Invited
1,Gretchen,Walsh,SR,Virginia,A,45.2,100 Freestyle,Qualified
2,Victoria,Huske,JR,Stanford,A,46.09,100 Freestyle,Qualified
3,Camille,Spink,SO,Tennessee,A,46.25,100 Freestyle,Qualified
4,Annaliesa,Moesch,FR,Virginia,A,46.76,100 Freestyle,Qualified
5,Julia,Dennis,JR,Louisville,B,47.15,100 Freestyle,Qualified
6,Lindsay,Flynn,SR,Michigan,B,47.3,100 Freestyle,Qualified
7,STEPHANIE,BALDUCCINI,SO,Michigan,B,47.33,100 Freestyle,Qualified
8,Minna,Abraham,SO,Southern Cali,B,47.34,100 Freestyle,Qualified
9,Anna,Peplowski,SR,Indiana,B,47.37,100 Freestyle,Qualified
10,Erin,Gemmell,SO,Texas,B,47.38,100 Freestyle,Qualified
11,Brooklyn,Douthwright,SR,Tennessee,B,47.44,100 Freestyle,Qualified
12,Ava,Longi,Grad,Texas,B,47.46,100 Freestyle,Qualified
12,Gabi,Albiero,Grad,Louisville,B,47.46,100 Freestyle,Qualified
14,Mary-Ambre,MOLUH,FR,California,B,47.63,100 Freestyle,Qualified
14,Olivia,Nel,JR,NC State,B,47.63,100 Freestyle,Qualified
16,Tatum,Wall,JR,Duke,B,47.65,100 Freestyle,Qualified
17,Kristina,Paegle,JR,Indiana,B,47.66,100 Freestyle,Qualified
18,Teresa,Ivan,SR,Ohio St,B,47.74,100 Freestyle,Qualified
19,Giulia,Carvalho,SR,Miami (FL),B,47.78,100 Freestyle,Qualified
19,Helena,Jones,SO,Georgia,B,47.78,100 Freestyle,Qualified
19,Grace,Cooper,Grad,Texas,B,47.78,100 Freestyle,Qualified
22,Maxine,Parker,Grad,Virginia,B,47.81,100 Freestyle,Qualified
23,Zita,Szoke,SO,Ohio,B,47.84,100 Freestyle,Qualified
24,Zara,Zallen,SO,Missouri,B,47.87,100 Freestyle,Qualified
25,Nicole,Venema,Grad,Northwestern,B,47.9,100 Freestyle,Qualified
26,Jada,Scott,SO,Alabama,B,47.94,100 Freestyle,Qualified
27,Lucy,Mehraban,SO,Louisville,B,47.98,100 Freestyle,Qualified
27,Chloe,Stepanek,Grad,Texas A&M,B,47.98,100 Freestyle,Qualified
29,Emily,Claesson,JR,Virginia Tech,B,47.99,100 Freestyle,Qualified
29,Garlynd,Johnson,JR,Stanford,B,47.99,100 Freestyle,Qualified
31,Cadence,Vincent,SO,Alabama,B,48,100 Freestyle,Qualified
31,Elizaveta,Klevanovich,Grad,Auburn,B,48,100 Freestyle,Qualified
33,Amy,Tang,SR,Stanford,B,48.02,100 Freestyle,Qualified
34,Claire,Newman,Grad,Michigan,B,48.03,100 Freestyle,Qualified
35,Eboni,McCarty,SR,Georgia,B,48.08,100 Freestyle,Qualified
36,Madison,Parker,SO,SMU,B,48.09,100 Freestyle,Qualified
37,Darcy,Revitt,FR,Washington St.,B,48.11,100 Freestyle,Qualified
38,Lilian,Christianson,FR,NC State,B,48.18,100 Freestyle,Invited
39,Sienna,Angove,FR,Ohio St,B,48.19,100 Freestyle,Invited
40,Brady,Kendall,JR,Michigan,B,48.2,100 Freestyle,Invited
41,Caroline,Larsen,FR,Louisville,B,48.21,100 Freestyle,Invited
42,Julia,Mrozinski,SR,Tennessee,B,48.26,100 Freestyle,Invited
43,Christey,Liang,JR,Michigan,B,48.28,100 Freestyle,Invited
44,Vasilissa,Buinaia,Grad,Southern Cali,B,48.29,100 Freestyle,Invited
45,Michaela,De Villiers,JR,JR LSU,B,48.3,100 Freestyle,Invited
46,Reagan,Osborne,Grad,LSU,B,48.31,100 Freestyle,Invited
46,Jillian,Crooks,FR,Tennessee,B,48.31,100 Freestyle,Invited
48,Peyton,Curry,SR,South Carolina,B,48.45,100 Freestyle,Invited
48,Kamryn,Cannings,SO,Liberty,B,48.45,100 Freestyle,Invited
50,Mckenna,Stone,SR,California,B,48.47,100 Freestyle,Invited
51,diana,petkova,Grad,Alabama,B,48.49,100 Freestyle,Invited
52,Daria,Golovaty,FR,Louisville,B,48.55,100 Freestyle,Invited
53,Sofia,Maksimova,Grad,Cal Baptist,B,48.59,100 Freestyle,Invited
53,Hailey,Tierney,SO,Wisconsin,B,48.59,100 Freestyle,Invited
55,Alexis,Mulvihill,SR,Auburn,B,48.69,100 Freestyle,Invited
56,Karolina,Bank,JR,Missouri,B,48.7,100 Freestyle,Invited
57,Ella,Welch,JR,Louisville,B,48.73,100 Freestyle,Invited
58,Kayla,Wilson,JR,Stanford,B,48.74,100 Freestyle,Invited
59,Kailyn,Winter,SR,Alabama,B,48.76,100 Freestyle,Invited
60,Marie,Landreneau,FR,Georgia,B,48.77,100 Freestyle,Invited
60,Sophie,Yendell,Grad,Pittsburgh,B,48.77,100 Freestyle,Invited
62,Melissa,Nwakalor,SO,Richmond,B,48.78,100 Freestyle,Invited
63,Megan,Barnes,JR,LSU,B,48.79,100 Freestyle,Invited
64,Annika,Parkhe,FR,Stanford,B,48.82,100 Freestyle,Invited
64,Julia,Ullmann,FR,Arizona St,B,48.82,100 Freestyle,Invited
66,Annabel,Crush,SR,NC State,B,48.83,100 Freestyle,Invited
67,Erin,Milligan,Grad,Arizona St,B,48.85,100 Freestyle,Invited
68,Lindsay,Ervin,JR,Northwestern,B,48.91,100 Freestyle,Invited
69,Abby,Carlson,SR,Wisconsin,B,48.92,100 Freestyle,Invited
70,Greer,Pattison,SR,UNC,B,48.97,100 Freestyle,Invited
71,Kaitlyn,Owens,SR,Texas A&M,B,49.02,100 Freestyle,Invited
72,Tyler,Driscoll,SO,NC State,B,49.1,100 Freestyle,Invited
72,Claire,Tuggle,JR,Southern Cali,B,49.1,100 Freestyle,Invited
74,Zoe,CARLOS-BROC,FR,LSU,B,49.17,100 Freestyle,Invited
1,Lucerne,Bell,JR,Stanford,A,02:04.6,200 Breaststroke,Qualified
2,Kaelyn,Gridley,JR,Duke,A,02:05.7,200 Breaststroke,Qualified
3,Mona,McSharry,Grad,Tennessee,B,02:05.9,200 Breaststroke,Qualified
4,Avery,Wiseman,SR,Alabama,B,02:06.3,200 Breaststroke,Qualified
5,Mackenzie,Miller,JR,Brigham Young,B,02:06.5,200 Breaststroke,Qualified
6,McKenzie,Siroky,FR,Tennessee,B,02:06.6,200 Breaststroke,Qualified
7,Aimee,Canny,JR,Virginia,B,02:06.7,200 Breaststroke,Qualified
8,Emma,Weber,JR,Virginia,B,02:07.0,200 Breaststroke,Qualified
9,Emily,Lundgren,JR,Washington St.,B,02:07.1,200 Breaststroke,Qualified
10,Kaitlyn,Dobler,Grad,Southern Cali,B,02:07.2,200 Breaststroke,Qualified
10,Brearna,Crawford,SR,Indiana,B,02:07.2,200 Breaststroke,Qualified
12,Letitia,Sim,JR,Michigan,B,02:07.3,200 Breaststroke,Qualified
13,Mia,Cheatwood,JR,Louisville,B,02:07.7,200 Breaststroke,Qualified
14,Abigail,Herscu,JR,California,B,02:07.8,200 Breaststroke,Qualified
15,Leah,Hayes,FR,Virginia,B,02:07.8,200 Breaststroke,Qualified
16,Piper,Enge,FR,Texas,B,02:07.9,200 Breaststroke,Qualified
17,Abigail,Arens,Grad,Texas,B,02:07.9,200 Breaststroke,Qualified
18,Madeline,Huggins,SR,Florida St,B,02:08.0,200 Breaststroke,Qualified
19,Kim,Herkle,SR,Louisville,B,02:08.0,200 Breaststroke,Qualified
20,Hazal,Ozkan,JR,Wisconsin,B,02:08.2,200 Breaststroke,Qualified
21,Ana,Jih-Schiff,SR,UCLA,B,02:08.2,200 Breaststroke,Qualified
22,Lisa,NYSTRAND,FR,NC State,B,02:08.3,200 Breaststroke,Qualified
23,Aliz,Kalmar,JR,Fresno State,B,02:08.4,200 Breaststroke,Qualified
24,Grace,Palmer,FR,LSU,B,02:08.4,200 Breaststroke,Qualified
25,Molly,Mayne,SO,Florida,B,02:08.5,200 Breaststroke,Qualified
26,Anita,Bottazzo,FR,Florida,B,02:08.7,200 Breaststroke,Qualified
27,Ava,DeAngelis,SR,Ohio St,B,02:08.7,200 Breaststroke,Qualified
28,Virag,Peter,JR,Houston,B,02:08.7,200 Breaststroke,Qualified
28,Bridget,Engel,Grad,Kentucky,B,02:08.7,200 Breaststroke,Qualified
30,Skyler,Smith,SR,UNC,B,02:08.9,200 Breaststroke,Qualified
31,Audrey,Crawford,FR,Auburn,B,02:08.9,200 Breaststroke,Qualified
32,Lucy,Thomas,SO,Stanford,B,02:09.0,200 Breaststroke,Qualified
33,Olivia,Herron,JR,SIUC (W),B,02:09.1,200 Breaststroke,Qualified
34,Danika,Varda,FR,Ohio St,B,02:09.3,200 Breaststroke,Qualified
35,Jenna,Pulkkinen,SO,Fresno State,B,02:09.5,200 Breaststroke,Qualified
36,Margaux,McDonald,Grad,California,B,02:09.5,200 Breaststroke,Qualified
37,Grace,Sheble,SR,NC State,B,02:09.6,200 Breaststroke,Qualified
38,Sofia,Plaza,FR,Florida,B,02:10.2,200 Breaststroke,Invited
39,Delaney,Franklin,SO,South Carolina,B,02:10.3,200 Breaststroke,Invited
40,Katie,Christopherson,FR,Virginia,B,02:10.3,200 Breaststroke,Invited
41,Ashley,McMillan,SO,Southern Cali,B,02:10.3,200 Breaststroke,Invited
42,Fernanda,Gomes Celidonio,SR,SR,B,02:10.5,200 Breaststroke,Invited
43,Henrietta,Fangli,SR,Houston,B,02:10.7,200 Breaststroke,Invited
44,Zoe,Skirboll,JR,Virginia,B,02:10.8,200 Breaststroke,Invited
45,Paige,Delma,SO,Ohio St,B,02:11.0,200 Breaststroke,Invited
46,Campbell,Chase,FR,Texas,B,02:11.1,200 Breaststroke,Invited
47,Eleni,Gewalt,JR,Arizona,B,02:11.2,200 Breaststroke,Invited
48,Alyssa,Bozzuto,FR,Liberty,B,02:11.3,200 Breaststroke,Invited
49,Dakota,Tucker,SO,Princeton,B,02:11.5,200 Breaststroke,Invited
50,Ana,Adame,SR,Arizona St,B,02:11.5,200 Breaststroke,Invited
51,Reese,Tiltmann,SO,Indiana,B,02:11.6,200 Breaststroke,Invited
52,Karolina,Piechowicz,FR,UCLA,B,02:11.7,200 Breaststroke,Invited
53,Chloe,BRAUN,JR,UCSD,B,02:12.0,200 Breaststroke,Invited
54,Callahan,Dunn,Grad,Wisconsin,B,02:12.2,200 Breaststroke,Invited
55,Simone,Moll,FR,Miami (FL),B,02:12.3,200 Breaststroke,Invited
56,Kathryn,Hazle,SO,California,B,02:12.8,200 Breaststroke,Invited
1,Emma,Sticklen,Grad,Texas,A,01:49.2,200 Butterfly,Qualified
2,Alexandra,Walsh,Grad,Virginia,A,01:50.4,200 Butterfly,Qualified
3,Campbell,Stoll,SO,Texas,A,01:51.6,200 Butterfly,Qualified
4,Lillian,Nordmann,SR,Stanford,A,01:51.8,200 Butterfly,Qualified
5,Hannah,Bellard,SO,Michigan,A,01:52.0,200 Butterfly,Qualified
6,Caroline,Bricker,SO,Stanford,A,01:52.2,200 Butterfly,Qualified
7,Olivia,Bray,Grad,Texas,B,01:52.6,200 Butterfly,Qualified
8,Sara,Stotler,SR,Tennessee,B,01:52.7,200 Butterfly,Qualified
9,Tess,Howley,SO,Virginia,B,01:52.7,200 Butterfly,Qualified
10,Greta,Pelzek,SR,South Carolina,B,01:52.8,200 Butterfly,Qualified
11,Lilou,RESSENCOURT,SR,California,B,01:53.1,200 Butterfly,Qualified
12,Emily,Brown,FR,Tennessee,B,01:53.3,200 Butterfly,Qualified
13,Sofia,Sartori,JR,LSU,B,01:54.0,200 Butterfly,Qualified
14,Olivia,Theall,Grad,Texas A&M,B,01:54.1,200 Butterfly,Qualified
15,Carly,Novelline,JR,Virginia,B,01:54.2,200 Butterfly,Qualified
16,Ella,Jansen,FR,Tennessee,B,01:54.3,200 Butterfly,Qualified
17,Eleanor,Sun,SO,Princeton,B,01:54.6,200 Butterfly,Qualified
18,Bailey,Hartman,FR,Virginia,B,01:54.7,200 Butterfly,Qualified
19,Ashlyn,Massey,FR,Miami (FL),B,01:54.8,200 Butterfly,Qualified
20,Ieva,Maluka,JR,Georgia,B,01:55.0,200 Butterfly,Qualified
21,Heidi,Smithwick,JR,Princeton,B,01:55.0,200 Butterfly,Qualified
22,Addison,Reese,FR,Florida,B,01:55.0,200 Butterfly,Qualified
23,Lainy,Kruger,SO,Florida,B,01:55.1,200 Butterfly,Qualified
24,Mary,Macaulay,SO,UNC,B,01:55.1,200 Butterfly,Qualified
25,Lea,Polonsky,SR,California,B,01:55.1,200 Butterfly,Qualified
26,Ava,Whitaker,SO,Indiana,B,01:55.2,200 Butterfly,Qualified
26,Sarah,Walker,SO,Texas A&M,B,01:55.2,200 Butterfly,Qualified
28,Mackenzie,McConagha,SR,Wisconsin,B,01:55.2,200 Butterfly,Qualified
29,Carli,Cronk,FR,Notre Dame,B,01:55.3,200 Butterfly,Qualified
30,Kailia,Utley,SR,Vanderbilt,B,01:55.3,200 Butterfly,Qualified
31,Dora,Hathazi,JR,Washington St.,B,01:55.4,200 Butterfly,Qualified
32,Emily,Thompson,FR,Stanford,B,01:55.5,200 Butterfly,Qualified
33,Edith,Jernstedt,SR,Florida St,B,01:55.7,200 Butterfly,Qualified
33,Justina,Kozan,JR,Southern Cali,B,01:55.7,200 Butterfly,Qualified
35,Breckin,Gormley,JR,South Carolina,B,01:55.7,200 Butterfly,Qualified
36,Tristen,Ulett,Grad,Louisville,B,01:55.8,200 Butterfly,Qualified
37,Elizabeth,Cook,SR,California,B,01:55.8,200 Butterfly,Qualified
38,Margaret,Schalow,SO,Virginia,B,01:56.0,200 Butterfly,Invited
39,Angela,Coe,SO,Texas,B,01:56.0,200 Butterfly,Invited
40,Abigail,Daniel,SR,Akron,B,01:56.1,200 Butterfly,Invited
41,Ava,Chavez,SO,California,B,01:57.0,200 Butterfly,Invited
41,Sydney,Gring,SO,Pittsburgh,B,01:57.0,200 Butterfly,Invited
43,Sonia,Vaishnani,SO,Arizona St,B,01:57.4,200 Butterfly,Invited
44,Summer,Cardwell,SO,Louisville,B,01:57.6,200 Butterfly,Invited
45,Morgan,Carteaux,SO,Auburn,B,01:58.5,200 Butterfly,Invited